batch,field_id,detector,filename,split,native_width,native_height,valid_pixels,unknown_fraction,physical_identities_validated,bruggeman_departure,bruggeman_status,appearance_1_area_fraction,appearance_1_largest_component_fraction_8connected,appearance_1_image_y_slope_fraction_per_pixel,appearance_2_area_fraction,appearance_2_largest_component_fraction_8connected,appearance_2_image_y_slope_fraction_per_pixel,appearance_3_area_fraction,appearance_3_largest_component_fraction_8connected,appearance_3_image_y_slope_fraction_per_pixel,observed_interface_density_per_pixel,known_adjacency_coverage
Batch_3,0grcilhi,ETD,img_0grcilhi_ETD.tif,reference_holdout,7000,1904,13185792,0.5244344822063021,False,,unavailable_no_verified_transport_measurement,0.14495958983730367,0.18886035260936054,3.605775023385278e-05,0.03326140743005805,0.11008076100488397,-2.73577727946134e-05,0.29734452052633625,0.8723156417834159,-8.828860706100316e-06,1.2437629836721223e-05,0.4480929731356926
Batch_3,0grcilhi,BSE,img_0grcilhi_BSE.tif,reference_holdout,7000,1904,13185792,0.38960010896577163,False,,unavailable_no_verified_transport_measurement,0.10524259748674937,0.12850118937210808,4.212815958364332e-05,0.010625300323257033,0.05745058992312799,-7.3074051366565315e-06,0.494531993224222,0.898799165009916,-1.6124645829316755e-06,8.342312695361795e-06,0.5686061054720015
Batch_3,0grcilhi,Inlens,img_0grcilhi_Inlens.tif,reference_holdout,7000,1904,13185792,0.36122646254392604,False,,unavailable_no_verified_transport_measurement,0.4468439969324558,0.1010354392877655,5.1288847207502335e-05,0.024859333440114935,0.03004362549193081,5.6798489358475585e-06,0.1670702070835032,0.05206693016146963,-2.6131718912609772e-05,2.995648649698099e-05,0.6081213116465408
Batch_2,3806gxp0,BSE,img_3806gxp0_BSE.tif,incoming,7000,2048,14191488,0.41523320176150663,False,,unavailable_no_verified_transport_measurement,0.0732656082293837,0.05668008017327276,-1.3040860251749027e-05,0.012497209594934654,0.05940661050779796,-7.435868219678989e-06,0.49900398041417504,0.9277782775072727,4.309519716969128e-05,3.8050978163812e-06,0.5393236615544675
Batch_2,3806gxp0,ETD,img_3806gxp0_ETD.tif,incoming,7000,2048,14191488,0.5720658045160592,False,,unavailable_no_verified_transport_measurement,0.0855553695285512,0.0400359755484871,-2.0489814469978426e-05,0.04591456512523563,0.08137711097060142,-1.4511630238121641e-05,0.296464260830154,0.9040838605755895,1.3969822899125753e-05,8.244378602159266e-06,0.39937622383340216
Batch_2,3806gxp0,Inlens,img_3806gxp0_Inlens.tif,incoming,7000,2048,14191488,0.45340333585879083,False,,unavailable_no_verified_transport_measurement,0.3188954533872699,0.04062642729661762,-4.363198554698943e-07,0.015939061499400203,0.0712779455258423,-1.412764475178403e-05,0.21176214925453907,0.23607423083834128,4.783578291850101e-05,5.334183420371423e-05,0.5048945934934708
Batch_1,4ih2ggld,BSE,img_4ih2ggld_BSE.tif,incoming,6996,2316,16054000,0.3445794194593248,False,,unavailable_no_verified_transport_measurement,0.06566519247539554,0.07069605165677123,-8.264112527027314e-06,0.020535629749595115,0.030229404966649377,-4.483091470487843e-06,0.5692197583156846,0.9829375502147347,2.879527217426746e-05,6.665005606079482e-06,0.6122393042463998
Batch_1,4ih2ggld,ETD,img_4ih2ggld_ETD.tif,incoming,6996,2316,16054000,0.5142038744238197,False,,unavailable_no_verified_transport_measurement,0.09520144512271085,0.050043706865641954,-2.2305566940469716e-05,0.050208483866949045,0.08068139947174297,-1.8261455879994492e-06,0.3403861965865205,0.7469192396094104,2.0118771629054868e-05,1.7877164569577677e-05,0.44926554703738963
Batch_1,4ih2ggld,Inlens,img_4ih2ggld_Inlens.tif,incoming,6996,2316,16054000,0.4168391678086458,False,,unavailable_no_verified_transport_measurement,0.37334215771770274,0.06969226521134504,0.00011941519713937548,0.00184471159835555,0.06044234340705724,-2.324972303130825e-06,0.20797396287529588,0.16827622023868355,-3.58302364587878e-05,7.67409991279432e-05,0.5398658264254774
Batch_1,5n1q8atc,BSE,img_5n1q8atc_BSE.tif,incoming,7000,2316,16063200,0.35345005976393246,False,,unavailable_no_verified_transport_measurement,0.03846537427162707,0.043897086313295364,9.615653500174378e-07,0.030514281089695703,0.02466556633894854,3.8100432780296563e-06,0.5775702848747447,0.9804990004448336,-7.088213793928393e-06,7.470491558344539e-06,0.6014637179751756
Batch_1,5n1q8atc,ETD,img_5n1q8atc_ETD.tif,incoming,7000,2316,16063200,0.5204766173614224,False,,unavailable_no_verified_transport_measurement,0.055271303351760545,0.04440131826445034,7.893935763774072e-07,0.07389860052791473,0.08032362634029963,1.1510872659110048e-05,0.3503534787589023,0.649692117591996,-1.0596112630716851e-05,1.917426166641765e-05,0.4419346992426095
Batch_1,5n1q8atc,Inlens,img_5n1q8atc_Inlens.tif,incoming,7000,2316,16063200,0.4224295906170626,False,,unavailable_no_verified_transport_measurement,0.3796226779222073,0.04976291232060584,6.540514848927055e-05,0.0015194357288709597,0.08583603064694555,-1.8214542544941805e-06,0.19642829573185916,0.2582881258543255,-3.646516326374727e-05,9.070421833756662e-05,0.5360376379996261
Batch_3,71vgq3fw,BSE,img_71vgq3fw_BSE.tif,reference_holdout,7000,2060,14275296,0.7136016654225593,False,,unavailable_no_verified_transport_measurement,0.04428573670206208,0.06624411571168252,5.082924910225359e-07,0.04326257052743425,0.08519947019524406,-2.9739072512426116e-06,0.1988500273479443,0.2044078808078367,-8.471434577649488e-06,1.7652873887868946e-05,0.2624968274338435
Batch_3,71vgq3fw,ETD,img_71vgq3fw_ETD.tif,reference_holdout,7000,2060,14275296,0.615668144464395,False,,unavailable_no_verified_transport_measurement,0.08486023687354714,0.046254555660575944,2.581392900045696e-06,0.04090002757210779,0.08558901106429624,-5.575603042684132e-06,0.2585715910899501,0.8935680835373779,-1.7360221111032756e-06,3.5445849949451136e-05,0.35837212704951976
Batch_3,71vgq3fw,Inlens,img_71vgq3fw_Inlens.tif,reference_holdout,7000,2060,14275296,0.2860844356572361,False,,unavailable_no_verified_transport_measurement,0.5552293976951511,0.04468863738672814,4.972386197036938e-06,0.0015718062868889024,0.03930831624922007,-3.302908154255963e-07,0.15711436036072388,0.07081156419454855,-2.545197185138588e-06,1.001730542049706e-05,0.6878755137595123
Batch_2,avn74qx1,BSE,img_avn74qx1_BSE.tif,incoming,7000,2048,14191488,0.4073458681711178,False,,unavailable_no_verified_transport_measurement,0.06919401263630706,0.08358537871983347,-2.9586017393059347e-06,0.009397111846199638,0.061885587024497785,1.9220454589182107e-07,0.5140630073463756,0.9115772730431665,4.604663621908643e-05,3.1004500726069037e-06,0.5466127392863034
Batch_2,avn74qx1,ETD,img_avn74qx1_ETD.tif,incoming,7000,2048,14191488,0.6136067620252366,False,,unavailable_no_verified_transport_measurement,0.07765070160366552,0.08503247339559103,-1.2878544618039246e-05,0.035018385668930556,0.11451959200181905,3.183776038728661e-06,0.2737241507021674,0.840000895855971,2.664966543509153e-05,6.694153565855814e-06,0.3616243203275116
Batch_2,avn74qx1,Inlens,img_avn74qx1_Inlens.tif,incoming,7000,2048,14191488,0.440929802428047,False,,unavailable_no_verified_transport_measurement,0.34377790405065345,0.06251127344877346,-2.2422050215091762e-05,0.014430340215205058,0.04470965095611071,-1.2178754872036667e-05,0.20086195330609447,0.5998593244063385,4.580743082121799e-05,4.981859548484275e-05,0.5191647905332918
Batch_2,b3esycq1,BSE,img_b3esycq1_BSE.tif,incoming,7000,2156,14945760,0.41118946109130616,False,,unavailable_no_verified_transport_measurement,0.05346820770573059,0.05233862621899257,-2.514117274158699e-06,0.02089937212962071,0.026069529416661064,3.0591015943330272e-06,0.5144429590733426,0.960700067800437,1.0709386481078281e-05,5.151962830929976e-06,0.5448888034279447
Batch_2,b3esycq1,ETD,img_b3esycq1_ETD.tif,incoming,7000,2156,14945760,0.5802673132714562,False,,unavailable_no_verified_transport_measurement,0.081151309802914,0.0490861330334381,-6.099788794910214e-06,0.057858482940981254,0.05677898186620472,7.64039770447067e-06,0.2807228939846485,0.8741064782605276,3.335687254235564e-06,8.89884488978814e-06,0.3903917209316147
Batch_2,b3esycq1,Inlens,img_b3esycq1_Inlens.tif,incoming,7000,2156,14945760,0.7228525013114088,False,,unavailable_no_verified_transport_measurement,0.04558456712806843,0.03579501420821493,2.0526759054683196e-05,0.027380608279538813,0.08726027798956074,-1.6175762435925172e-05,0.20418232328098404,0.3168744224454887,5.2909748219223264e-05,6.423226386613996e-06,0.2471718131303795
Batch_2,epqdaau9,BSE,img_epqdaau9_BSE.tif,incoming,7000,2148,14889888,0.38159393811424236,False,,unavailable_no_verified_transport_measurement,0.04342450393179586,0.044453483372668134,1.2185735926492356e-05,0.01033929872407368,0.03227650356282194,-4.6572941895417037e-07,0.5646422592298881,0.9661131899527324,7.748215961615787e-07,2.2834288612513405e-06,0.5735352860836811
Batch_2,epqdaau9,ETD,img_epqdaau9_ETD.tif,incoming,7000,2148,14889888,0.5841728963978775,False,,unavailable_no_verified_transport_measurement,0.0582777385565291,0.04498535866938481,1.5477073918633016e-05,0.043530952012533604,0.07763846268962975,7.669084850819066e-07,0.3140184130330598,0.8938586508669613,-4.6144210067255776e-05,6.380168877025804e-06,0.38353496361854256
Batch_1,f1vzngrs,BSE,img_f1vzngrs_BSE.tif,incoming,7000,2148,14889888,0.3948280201973312,False,,unavailable_no_verified_transport_measurement,0.02697058567532543,0.06125167771029585,1.0017596060932805e-05,0.011735212514694537,0.02828266642248878,6.310958077592329e-06,0.5664661816126488,0.9710586774647055,-3.081355241784156e-05,2.350588533641086e-06,0.5587299038717987
Batch_2,epqdaau9,Inlens,img_epqdaau9_Inlens.tif,incoming,7000,2148,14889888,0.6399903075160807,False,,unavailable_no_verified_transport_measurement,0.1274126440709292,0.10410877311349596,0.00014303148141045832,0.02055972482801751,0.06501443821619432,-1.1851913116283527e-05,0.21203732358497257,0.4898245667379954,1.184408714951315e-06,1.64541197354876e-05,0.3262498715177964
Batch_1,f1vzngrs,ETD,img_f1vzngrs_ETD.tif,incoming,7000,2148,14889888,0.6006814154680008,False,,unavailable_no_verified_transport_measurement,0.036229352430320494,0.046063497889521014,1.4168211428036554e-05,0.05401068161157425,0.06515438074241525,2.4935491896888016e-05,0.3090785504901044,0.893362768882771,-4.704745577989236e-05,5.507093135959115e-06,0.36853509462000505
Batch_1,ffwubibz,BSE,img_ffwubibz_BSE.tif,incoming,7000,2080,14414976,0.4306124408393049,False,,unavailable_no_verified_transport_measurement,0.04820001087757621,0.03763518239728728,8.565063884273038e-07,0.01210567398794143,0.09166604585594516,-4.009241963295663e-06,0.5090818742951775,0.9173294243992869,-7.059187575531602e-06,4.786688510615626e-06,0.5263883117614909
Batch_1,ffwubibz,ETD,img_ffwubibz_ETD.tif,incoming,7000,2080,14414976,0.6320729913112585,False,,unavailable_no_verified_transport_measurement,0.05724255108020992,0.034542810398109434,-4.97483170698275e-06,0.038150046174201056,0.06386062276790586,-1.4651942719281584e-05,0.2725344114343305,0.8164037512819527,-4.140680980795827e-05,8.116558778869975e-06,0.33890508777934236
Batch_1,f1vzngrs,Inlens,img_f1vzngrs_Inlens.tif,incoming,7000,2148,14889888,0.6467409291460083,False,,unavailable_no_verified_transport_measurement,0.09614336924495336,0.0642814432327161,8.634242331072929e-05,0.02220211461630873,0.08745957947529698,-2.118233215009541e-06,0.23491358699272957,0.7278858334450691,8.455190970148006e-06,1.4237850546626005e-05,0.3220546336560896
Batch_1,ffwubibz,Inlens,img_ffwubibz_Inlens.tif,incoming,7000,2080,14414976,0.5229210232469343,False,,unavailable_no_verified_transport_measurement,0.19194891479527956,0.07661137451891784,-3.847120673319899e-05,0.011509141603843115,0.1607737004532742,-2.2154858344713657e-06,0.27362092035394303,0.8688621556655162,1.3530647493193972e-05,5.9660175639557085e-05,0.4380478835778364
Batch_1,fzrt2k6r,BSE,img_fzrt2k6r_BSE.tif,incoming,7000,2156,14945760,0.4004595952296839,False,,unavailable_no_verified_transport_measurement,0.05488292331738232,0.046293462982175314,1.7800267973530277e-07,0.015208728094121677,0.022410319129279474,2.081221494306546e-06,0.5294487533588121,0.9555711641607104,7.522730952116643e-06,6.289409170226205e-06,0.5563253361611298
Batch_1,fzrt2k6r,Inlens,img_fzrt2k6r_Inlens.tif,incoming,7000,2156,14945760,0.6997190507541938,False,,unavailable_no_verified_transport_measurement,0.05866245677703911,0.1376644558628123,-6.746015200192126e-06,0.025352140004924473,0.05310010108021229,-2.25444569216002e-07,0.2162663524638426,0.23053153129461848,3.866874761002355e-05,1.1976640866707347e-05,0.26906557292126104
Batch_3,hawkfj64,ETD,img_hawkfj64_ETD.tif,reference_holdout,7000,1904,13185792,0.6064363824334557,False,,unavailable_no_verified_transport_measurement,0.09162650222299881,0.06386529025764628,-1.2292150270920241e-05,0.03181530544392024,0.11398774761030726,1.4091097265838866e-05,0.2701218098996253,0.8897559359531918,-2.0788537481711764e-05,1.0389971266041508e-05,0.3675339623632045
Batch_3,hzumfsms,BSE,img_hzumfsms_BSE.tif,reference_holdout,7000,2088,14470848,0.659178577509763,False,,unavailable_no_verified_transport_measurement,0.10916305665017005,0.24288496039076218,2.2352713367051738e-06,0.03291279128907995,0.11767336586349092,8.459341138914467e-06,0.19874557455098693,0.13264594750309194,-5.43840384790669e-06,1.1333129889830921e-05,0.31497561231882054
Batch_3,hzumfsms,ETD,img_hzumfsms_ETD.tif,reference_holdout,7000,2088,14470848,0.6003784988965402,False,,unavailable_no_verified_transport_measurement,0.13356128127391015,0.14689832336909422,-1.2615083914833705e-05,0.03772550164302742,0.10886393610785464,1.0338014907953454e-05,0.22833471818652232,0.7298036406424919,7.357952098741241e-06,1.3959099010645402e-05,0.37240327878824747
Batch_3,hawkfj64,BSE,img_hawkfj64_BSE.tif,reference_holdout,7000,1904,13185792,0.4093502309152154,False,,unavailable_no_verified_transport_measurement,0.05812339524239424,0.05341315208839214,-6.8237242792792906e-06,0.009056793858116372,0.05419482335602616,3.4647208436928848e-06,0.523469579984274,0.9194863902366162,6.273482060886364e-06,5.991297299396199e-06,0.5477335943282314
Batch_3,hawkfj64,Inlens,img_hawkfj64_Inlens.tif,reference_holdout,7000,1904,13185792,0.3601862519900208,False,,unavailable_no_verified_transport_measurement,0.4819664984856427,0.040867900004877965,2.679216488094929e-05,0.02582833097928437,0.042617164904409414,-3.70186557473051e-06,0.13201891854505213,0.05543166430564795,-9.643100984988533e-06,3.678201506591337e-05,0.6110796567515512
Batch_3,hzumfsms,Inlens,img_hzumfsms_Inlens.tif,reference_holdout,7000,2088,14470848,0.6147848419111306,False,,unavailable_no_verified_transport_measurement,0.1554108646569987,0.11690152681701095,-0.00010157365794093929,0.004087320936547741,0.05261467191911678,-1.899192231971205e-06,0.22571697249532302,0.26867792338524504,8.348107321310225e-06,2.2389841977470843e-05,0.354900693472839
Batch_2,i9jiqjwl,BSE,img_i9jiqjwl_BSE.tif,incoming,7000,2272,15755904,0.40587395048865493,False,,unavailable_no_verified_transport_measurement,0.049992751923342515,0.0555592936734541,-5.800776775288923e-06,0.01265049596646438,0.025928155729480235,3.270278895497114e-08,0.5314828016215382,0.9566538874171363,9.33106399518212e-07,4.506247308945269e-06,0.5523771903293725
Batch_2,i9jiqjwl,ETD,img_i9jiqjwl_ETD.tif,incoming,7000,2272,15755904,0.6108831330782416,False,,unavailable_no_verified_transport_measurement,0.06527223065080874,0.052961670441053925,-6.071842831490803e-06,0.04264179319701364,0.10703718036495699,-5.9591313630386745e-06,0.28120284307393595,0.8543113186573843,-1.6474418075644222e-05,8.441280170277758e-06,0.35953408623703315
Batch_1,iv6g2oq0,ETD,img_iv6g2oq0_ETD.tif,incoming,6960,1780,12249216,0.6043050428696825,False,,unavailable_no_verified_transport_measurement,0.07616593584438383,0.04152103008340006,-1.777506609277501e-05,0.04558152946278358,0.07204954704856198,2.870126997127561e-06,0.27394749182315015,0.8713405661271375,-3.702851690398704e-06,5.79628932986405e-06,0.3689162033839173
Batch_1,iv6g2oq0,Inlens,img_iv6g2oq0_Inlens.tif,incoming,6960,1780,12249216,0.5151802368412803,False,,unavailable_no_verified_transport_measurement,0.24091656151707996,0.06050038647405202,0.00011390489517869388,0.013981466242410943,0.13232357440646494,-5.030616761396912e-06,0.2299217353992288,0.651225464349208,-2.235729270737128e-05,3.20836860089658e-05,0.4463023348078565
Batch_1,iv6g2oq0,BSE,img_iv6g2oq0_BSE.tif,incoming,6960,1780,12249216,0.3916146959936048,False,,unavailable_no_verified_transport_measurement,0.06335425875419293,0.049555435286840886,-9.750836456636185e-06,0.014116413654555524,0.064239655321979,3.0962042809100886e-06,0.5309146315976467,0.9586106289618421,5.2053561234096866e-05,4.163531772155867e-06,0.5662385578538982
Batch_3,kbdh4tri,BSE,img_kbdh4tri_BSE.tif,reference_holdout,7000,2060,14275296,0.7117911950827499,False,,unavailable_no_verified_transport_measurement,0.041700711494878986,0.028414722236221,9.89505795041578e-06,0.03902518028347714,0.07138985022330083,1.1428116136128763e-05,0.20748291313889394,0.193483530730482,1.146890622086544e-05,2.402752279182162e-05,0.26304136661887206
Batch_2,i9jiqjwl,Inlens,img_i9jiqjwl_Inlens.tif,incoming,7000,2272,15755904,0.7147624788777591,False,,unavailable_no_verified_transport_measurement,0.029738503103344624,0.06042167761873155,3.6662306471426035e-07,0.030802992960607022,0.14376845397658083,-1.1254624557088172e-05,0.22469602505828926,0.18754457616313244,3.282172397499506e-05,6.1564223798266356e-06,0.2569279748876346
Batch_3,kbdh4tri,ETD,img_kbdh4tri_ETD.tif,reference_holdout,7000,2060,14275296,0.6179104097035887,False,,unavailable_no_verified_transport_measurement,0.09058137918821438,0.04559206110081697,8.742063171452551e-06,0.03896220435639303,0.07149445250513757,1.248712386462775e-05,0.25254600675180394,0.8567847998249181,-4.521274893483851e-06,4.749463688879026e-05,0.3558251397856123
Batch_3,kbdh4tri,Inlens,img_kbdh4tri_Inlens.tif,reference_holdout,7000,2060,14275296,0.28761337067896875,False,,unavailable_no_verified_transport_measurement,0.5416666666666666,0.05708913550320131,-2.2736097182138507e-05,0.0025294746953057924,0.07887230330388546,-2.9714674637038674e-07,0.16819048795905878,0.09866349794603763,1.412999160386888e-05,1.2609195634192103e-05,0.6854825474875869
Batch_3,mgxahqnk,BSE,img_mgxahqnk_BSE.tif,reference_holdout,7000,1904,13185792,0.40629891628807735,False,,unavailable_no_verified_transport_measurement,0.058709935664084494,0.0640610124564515,-5.062946678364664e-06,0.015533841274001592,0.045482507103590364,3.1716384101381996e-08,0.5194573067738366,0.918296577129629,9.849734659709158e-06,4.550352379288252e-06,0.5513085679500652
Batch_3,mgxahqnk,ETD,img_mgxahqnk_ETD.tif,reference_holdout,7000,1904,13185792,0.5694043255043004,False,,unavailable_no_verified_transport_measurement,0.09142044709942337,0.045902322035487136,-2.763075566610722e-06,0.05166128815015435,0.12431242155329972,8.00624223744121e-06,0.2875139392461219,0.9032320179451921,-7.159252199275322e-06,9.024865552255032e-06,0.40269438136713703
Batch_3,mgxahqnk,Inlens,img_mgxahqnk_Inlens.tif,reference_holdout,7000,1904,13185792,0.3993244395179296,False,,unavailable_no_verified_transport_measurement,0.4296352467868445,0.07298624679858946,-5.7789474706336873e-05,0.02494920289960588,0.022861919598753704,6.575137104272901e-07,0.14609111079562,0.020695863163419294,1.7965601727217463e-05,4.110484982623721e-05,0.570670346814091
Batch_2,r17byphk,ETD,img_r17byphk_ETD.tif,incoming,7000,2080,14414976,0.6070194636466963,False,,unavailable_no_verified_transport_measurement,0.1002689841453777,0.0852671452045317,5.0778764849907574e-06,0.03314074196169317,0.11197493107930746,-1.2010318130605398e-05,0.2595708102462328,0.7457016276261076,-4.10407373299989e-06,1.3805087153804487e-05,0.36340518673529465
Batch_2,r17byphk,BSE,img_r17byphk_BSE.tif,incoming,7000,2080,14414976,0.4338905593738068,False,,unavailable_no_verified_transport_measurement,0.07812520811689176,0.06089117746562917,1.6210857167920097e-05,0.009842888396068089,0.05499524262607041,-2.8585607988736238e-06,0.47814134411323334,0.9023789405019677,1.641705214793544e-05,6.867857428274595e-06,0.5236076564426987
Batch_3,pl8uabbv,ETD,img_pl8uabbv_ETD.tif,reference_holdout,7000,2272,15755904,0.6005203509744664,False,,unavailable_no_verified_transport_measurement,0.08616871491473926,0.09090748387305862,-7.5214545540694525e-06,0.0387708632903577,0.08718221552867222,4.184500948418763e-06,0.2745400708204366,0.8743361367034189,-1.1919269606905236e-05,8.631684986148685e-06,0.3705146196335486
Batch_2,r17byphk,Inlens,img_r17byphk_Inlens.tif,incoming,7000,2080,14414976,0.48415439609472816,False,,unavailable_no_verified_transport_measurement,0.28981185955495176,0.03189223749057779,-2.5638742328409853e-05,0.009006050374277418,0.058071821417017146,-8.089516252872858e-06,0.21702769397604268,0.6000347136871977,4.7346292994804597e-05,5.390227496736727e-05,0.47874528848921605
Batch_3,pl8uabbv,BSE,img_pl8uabbv_BSE.tif,reference_holdout,7000,2272,15755904,0.4032869837236886,False,,unavailable_no_verified_transport_measurement,0.06728645972963532,0.07257401955744375,-2.6189871191221386e-06,0.01054442829811606,0.039942938659058486,3.329233687156322e-06,0.5188821282485601,0.9556304925828611,-3.366150306420042e-06,4.506247308945269e-06,0.554305795006934
Batch_2,rxax5ozo,BSE,img_rxax5ozo_BSE.tif,incoming,7000,2068,14331168,0.5043622403979913,False,,unavailable_no_verified_transport_measurement,0.05802883617022702,0.07159872105201769,-2.14205296840421e-06,0.01391994009141474,0.04618801036648637,3.8645427747818245e-06,0.423688983340367,0.7965442119329548,-5.512992736707299e-06,7.6058001692534765e-06,0.45602649607549567
Batch_3,pl8uabbv,Inlens,img_pl8uabbv_Inlens.tif,reference_holdout,7000,2272,15755904,0.7199631325501856,False,,unavailable_no_verified_transport_measurement,0.06277405599831022,0.18618549696581205,-2.5009302111139596e-05,0.015884077486128374,0.039881247302891304,-1.2829321600439168e-05,0.20137873396537578,0.2661145751652114,3.7126781936644784e-05,1.3010995751180003e-05,0.25189229017774045
Batch_2,rxax5ozo,SE,img_rxax5ozo_SE.tif,incoming,7000,2068,14331168,0.627916719697934,False,,unavailable_no_verified_transport_measurement,0.07509213484902277,0.05761142880506394,-2.850669484038236e-06,0.03690285397533544,0.06645602530721682,3.975777288725019e-06,0.2600882914777079,0.8716837533391516,-3.174601864759323e-05,8.582691934111721e-06,0.3427095308393798
Batch_2,rxax5ozo,Inlens,img_rxax5ozo_Inlens.tif,incoming,7000,2068,14331168,0.47266601019540067,False,,unavailable_no_verified_transport_measurement,0.34698560508117693,0.0710071713426223,-1.709882519530146e-05,0.02704469028623487,0.06286669659581715,4.976172320435059e-06,0.15330369443718753,0.0657763398711255,-2.149145838088617e-05,3.8308112779084025e-05,0.49379251255527284
Batch_3,tuy3zymq,BSE,img_tuy3zymq_BSE.tif,reference_holdout,7000,2060,14275296,0.7150448579139795,False,,unavailable_no_verified_transport_measurement,0.04919421635810564,0.03717843198122638,-1.7866687282453666e-06,0.030007223668076656,0.10442803049756981,-9.055949906552094e-06,0.2057537020598382,0.23789023200706796,6.518619959789914e-07,2.052496844899048e-05,0.25944618872322484
Batch_3,tuy3zymq,ETD,img_tuy3zymq_ETD.tif,reference_holdout,7000,2060,14275296,0.6123568295886824,False,,unavailable_no_verified_transport_measurement,0.09809162626119977,0.037812248489059744,-9.858680247398102e-07,0.029684218106580767,0.09074196875051622,-5.276472635968661e-06,0.259867326043537,0.8606277140122215,-1.970242268130905e-05,3.50255434283114e-05,0.3608834470318445
Batch_3,ufdvpb81,BSE,img_ufdvpb81_BSE.tif,reference_holdout,7000,2088,14470848,0.7115972056371541,False,,unavailable_no_verified_transport_measurement,0.07771458866819692,0.0607587080160342,3.739595627053046e-05,0.03061030010127948,0.07236368315660437,-1.0724926451113878e-05,0.1800779055933695,0.04375873025618985,-6.517022324528196e-07,1.0227458681066928e-05,0.2629345956677303
Batch_3,ufdvpb81,Inlens,img_ufdvpb81_Inlens.tif,reference_holdout,7000,2088,14470848,0.6893150283936367,False,,unavailable_no_verified_transport_measurement,0.07889641298146453,0.07756692225089297,0.00010903941456834456,0.003120826091186916,0.04902460087243418,-3.470813874349665e-06,0.22866773253371192,0.23636603751689325,-1.7689376818866186e-05,1.755253043912838e-05,0.28308844267235894
Batch_3,ufdvpb81,ETD,img_ufdvpb81_ETD.tif,reference_holdout,7000,2088,14470848,0.6411794250067446,False,,unavailable_no_verified_transport_measurement,0.08780397665706945,0.04994734762686546,3.15736917760957e-05,0.039305782218153354,0.08599689163625111,-1.1462667735138403e-05,0.23171081611803263,0.42475273273423736,-2.1945363713792222e-05,1.154044324147417e-05,0.3300263301240398
Batch_1,uhdslk0o,BSE,img_uhdslk0o_BSE.tif,incoming,7000,1880,13018176,0.3919648958502328,False,,unavailable_no_verified_transport_measurement,0.049702969140991794,0.060541664992380714,-3.1946089058225227e-06,0.014874126759386262,0.06641912060898396,1.0099254659072691e-05,0.5434580082493892,0.9670188634867938,-7.988675715397934e-06,3.763968162667335e-06,0.5648609640017729
Batch_3,tuy3zymq,Inlens,img_tuy3zymq_Inlens.tif,reference_holdout,7000,2060,14275296,0.2875185915584518,False,,unavailable_no_verified_transport_measurement,0.5296087030349493,0.044390178670985,1.9034158315229478e-05,0.0033399657702369184,0.03575997818746199,-2.2304049359521193e-06,0.17953273963636202,0.13757982709316033,-3.912085135674758e-06,9.036590204504342e-06,0.6851163797470945
Batch_1,uhdslk0o,ETD,img_uhdslk0o_ETD.tif,incoming,7000,1880,13018176,0.5969350084067077,False,,unavailable_no_verified_transport_measurement,0.06719451327129085,0.0688070877393541,3.5931350029097795e-06,0.04753753521230624,0.09228377705816576,2.1245764006754475e-05,0.28833294310969526,0.821902301516237,-3.6574273960315424e-05,8.065646062858576e-06,0.37327167445637505
Batch_1,uhdslk0o,Inlens,img_uhdslk0o_Inlens.tif,incoming,7000,1880,13018176,0.7294361360608429,False,,unavailable_no_verified_transport_measurement,0.04721160629568996,0.13324243543456082,2.142819434958492e-05,0.020335798194770143,0.09168413696715584,-5.422821527715607e-06,0.20301645944869695,0.36472039847077303,4.752138110890948e-05,1.1368720164791136e-05,0.24134200498057748
Batch_3,utfgcjfa,BSE,img_utfgcjfa_BSE.tif,reference_holdout,6996,2068,14322960,0.49301666694593854,False,,unavailable_no_verified_transport_measurement,0.0710957092667996,0.10927515538136563,1.3273910818254633e-05,0.016334682216525075,0.04507588871649548,-5.474322078570349e-06,0.41955294157073675,0.7558766166769841,-1.9252240520088947e-05,9.844333852779034e-06,0.46706510148728453
Batch_3,utfgcjfa,Inlens,img_utfgcjfa_Inlens.tif,reference_holdout,6996,2068,14322960,0.4209957299329189,False,,unavailable_no_verified_transport_measurement,0.3940613532398331,0.057458330564968,5.1946403950218124e-05,0.02570669749828248,0.06835761387956414,-2.499265150055736e-06,0.15923621932896553,0.06123335733145557,-2.2194848854003582e-05,4.5381680881605476e-05,0.5442084349388803
Batch_3,vc2whyaq,BSE,img_vc2whyaq_BSE.tif,reference_holdout,7000,2068,14331168,0.4980164910494385,False,,unavailable_no_verified_transport_measurement,0.06580901151950769,0.09983671218932903,1.1372866003032837e-05,0.016460486681895013,0.04108555392584931,9.008326407728929e-07,0.41971401074915876,0.7716981169717266,2.0745734793109857e-06,7.326688236436835e-06,0.46157842203166827
Batch_3,vc2whyaq,Inlens,img_vc2whyaq_Inlens.tif,reference_holdout,7000,2068,14331168,0.5919609622886285,False,,unavailable_no_verified_transport_measurement,0.23100901475720612,0.16421924655405362,-0.000172908116483451,0.026787488640144335,0.03605924521224498,-4.6649521644069366e-06,0.15024253431402101,0.14050431205242922,5.422108976040752e-05,3.754055496383826e-05,0.3766565805683813
Batch_3,x77cy643,BSE,img_x77cy643_BSE.tif,reference_holdout,6996,2068,14322960,0.48675860297033574,False,,unavailable_no_verified_transport_measurement,0.06811657646184867,0.046105546051734725,1.743388091485361e-05,0.017757851728972224,0.043708348896184315,3.4596730541284923e-06,0.42736696883884334,0.8256590254134837,-1.618971183628807e-05,9.355608058669436e-06,0.4735667856088273
Batch_3,x77cy643,SE,img_x77cy643_SE.tif,reference_holdout,6996,2068,14322960,0.5853480705105648,False,,unavailable_no_verified_transport_measurement,0.0907679697492697,0.040207189481149416,1.6852172894817787e-05,0.044951322910906685,0.06391845128262477,6.621257096600644e-06,0.27893263682925873,0.8752619744835038,-1.0381229949908205e-05,1.0402877617475718e-05,0.38258699758158077
Batch_3,x7u69zsw,BSE,img_x7u69zsw_BSE.tif,reference_holdout,7000,2060,14275296,0.7043153430934112,False,,unavailable_no_verified_transport_measurement,0.04029450597731914,0.06088669299880393,-4.899844267381143e-07,0.05216669412669271,0.09883240789853565,2.2040366091963367e-05,0.20322345680257697,0.27707866911403534,-2.619098754105156e-05,1.926404888557127e-05,0.2699723112580656
Batch_3,x77cy643,Inlens,img_x77cy643_Inlens.tif,reference_holdout,6996,2068,14322960,0.47527606025570135,False,,unavailable_no_verified_transport_measurement,0.33464304864357647,0.047039909002125777,-6.43002414501153e-05,0.027203594787669587,0.05621657136404234,-6.903242239284609e-06,0.16287729631305262,0.07602903700782508,1.9034143475711103e-05,4.175114641107704e-05,0.48914794791948063
Batch_3,x7u69zsw,ETD,img_x7u69zsw_ETD.tif,reference_holdout,7000,2060,14275296,0.5992272944813193,False,,unavailable_no_verified_transport_measurement,0.08150738170332861,0.03475594348979238,6.816790728812329e-06,0.054642089382945194,0.10794685346242205,3.0094541870866574e-05,0.2646232344324069,0.8666866971535973,-3.2676421279758443e-05,3.635651407858723e-05,0.37274803861484257
Batch_3,xgj4xftb,BSE,img_xgj4xftb_BSE.tif,reference_holdout,7000,1612,11146464,0.4818838512374866,False,,unavailable_no_verified_transport_measurement,0.06140664878117401,0.12731073959738015,-4.0225691276353775e-05,0.018900433357161517,0.06784922605174844,-1.2718936527216732e-05,0.43780906662417785,0.7762358906914988,4.584413711359256e-05,1.282918062625062e-05,0.47420597632024053
Batch_3,x7u69zsw,Inlens,img_x7u69zsw_Inlens.tif,reference_holdout,7000,2060,14275296,0.288679828425274,False,,unavailable_no_verified_transport_measurement,0.5295824338773781,0.044784975977341636,1.5118179700364357e-05,0.0029228115480057298,0.032858786310037386,-5.0955664945119517e-08,0.1788149261493422,0.09203153132683234,-4.925575112622129e-06,1.225894019990899e-05,0.6829831049202489
Batch_3,xgj4xftb,ETD,img_xgj4xftb_ETD.tif,reference_holdout,7000,1612,11146464,0.585415966893178,False,,unavailable_no_verified_transport_measurement,0.10912698412698413,0.15115671089626598,-4.576484945897776e-05,0.03966666020721908,0.16066973807116702,-3.158519593931315e-05,0.26579038877261885,0.7964735978894378,-2.4041028275186753e-06,1.282918062625062e-05,0.3866491404639705
Batch_3,xgj4xftb,Inlens,img_xgj4xftb_Inlens.tif,reference_holdout,7000,1612,11146464,0.3704582906292076,False,,unavailable_no_verified_transport_measurement,0.4749534919773661,0.1338838379373682,8.047840707021832e-05,0.021098080969893233,0.0282945456246359,-2.8685698427417523e-06,0.13349013642353305,0.039887952697112726,-4.2730090731078e-05,1.946805731396073e-05,0.6004247016785055
Batch_3,9luzk4jm,BSE,img_9luzk4jm_BSE.tif,train,7000,2088,14470848,0.6748864337459698,False,,unavailable_no_verified_transport_measurement,0.08755402585943824,0.0843516990388964,3.390764633939325e-05,0.037784724157146836,0.10354129745764727,-1.877977374599386e-05,0.1997748162374451,0.0846183088998589,6.715150970692409e-07,1.5202979120504893e-05,0.29890189764916025
Batch_3,9luzk4jm,Inlens,img_9luzk4jm_Inlens.tif,train,7000,2088,14470848,0.6824711309247392,False,,unavailable_no_verified_transport_measurement,0.09253901360860124,0.05514375880243563,7.760607272935076e-05,0.00542000026536109,0.022325071399428804,-2.6906692799860365e-06,0.2195698552012985,0.07916598738198544,-7.823766454060204e-06,1.893461945008337e-05,0.2870201267495811
Batch_3,9luzk4jm,ETD,img_9luzk4jm_ETD.tif,train,7000,2088,14470848,0.6199139124396856,False,,unavailable_no_verified_transport_measurement,0.11347386137978921,0.06821906345858837,3.431561718186261e-05,0.045094454727186685,0.09480273693405153,-2.1235780882566853e-05,0.22151777145333845,0.6801238477016425,1.055671851513566e-06,1.561760582379139e-05,0.3512446496413739
Batch_3,cfe5vt7s,BSE,img_cfe5vt7s_BSE.tif,train,7000,2080,14414976,0.438324697869771,False,,unavailable_no_verified_transport_measurement,0.058943421064315334,0.03634831487122029,1.267754290957178e-05,0.016048725991635367,0.06477423036024586,4.688288299747755e-06,0.4866831550742783,0.9042312721811593,-2.048495470158371e-05,6.867857428274595e-06,0.5192826706615449
Batch_3,cfe5vt7s,ETD,img_cfe5vt7s_ETD.tif,train,7000,2080,14414976,0.6108252278741221,False,,unavailable_no_verified_transport_measurement,0.07848760899775345,0.03675544481733645,1.1815077573697572e-05,0.04681027564666081,0.0718571837176871,1.110335868863348e-05,0.2638768874814637,0.8182071040404818,-4.254241856475026e-05,9.573377021231253e-06,0.35817346326124955
Batch_3,cfe5vt7s,Inlens,img_cfe5vt7s_Inlens.tif,train,7000,2080,14414976,0.4615116251320849,False,,unavailable_no_verified_transport_measurement,0.2887171647042631,0.07461776022255481,-3.7683771432926672e-06,0.011164985637159576,0.18062916684789024,-2.027038266609602e-05,0.23860622452649244,0.7218958669319375,4.500281011427963e-05,6.430811955566212e-05,0.5014563040770685
Batch_3,ptg8lmto,BSE,img_ptg8lmto_BSE.tif,train,7000,1612,11146464,0.514770962342856,False,,unavailable_no_verified_transport_measurement,0.04763331223247121,0.08353627413865519,-4.432865955869585e-06,0.011948811748730359,0.05104101751672461,6.335793334896691e-06,0.42564691367594243,0.725799659307765,-4.848264628062285e-06,7.894880385384997e-06,0.4419030792374989
Batch_3,ptg8lmto,ETD,img_ptg8lmto_ETD.tif,train,7000,1612,11146464,0.6397938395530637,False,,unavailable_no_verified_transport_measurement,0.07590164916874087,0.055983499500611676,-9.275079113956123e-06,0.034230048201833334,0.15569894953137778,1.071023669719545e-05,0.25007446307636216,0.8360947620151207,-1.6255727621849148e-05,7.446307636215395e-06,0.3324228287944525
Batch_3,ptg8lmto,Inlens,img_ptg8lmto_Inlens.tif,train,7000,1612,11146464,0.2918809050116701,False,,unavailable_no_verified_transport_measurement,0.5576683332041443,0.10708780363029136,1.9797700166137068e-05,0.0072710951203897485,0.10005305563438499,1.2970523707645305e-06,0.1431796666637958,0.13512980067633826,-1.5746411555729222e-05,1.3636611574755905e-05,0.6783177591733893
Batch_3,utfgcjfa,SE,img_utfgcjfa_SE.tif,train,6996,2068,14322960,0.5985540000111709,False,,unavailable_no_verified_transport_measurement,0.092603344560063,0.07922394775452105,1.2639961875128628e-05,0.042640417902444744,0.07993457085455768,-1.2250013557500779e-05,0.2662022375263214,0.8089783791666186,-2.465030196955142e-05,7.1912509704697915e-06,0.37159341475931323
Batch_3,vc2whyaq,SE,img_vc2whyaq_SE.tif,train,7000,2068,14331168,0.627263946665059,False,,unavailable_no_verified_transport_measurement,0.08298276874571563,0.07675069792472504,1.1528832038491349e-05,0.0427776019372601,0.06398141759358489,3.030225256830163e-06,0.2469756826519653,0.7792738984870531,6.186779015260618e-07,7.884912102070117e-06,0.3433744455263443
Batch_1,fzrt2k6r,ETD,img_fzrt2k6r_ETD.tif,incoming,7000,2156,14945760,0.5796559693183886,False,,unavailable_no_verified_transport_measurement,0.07498233612743681,0.04668554826228642,-6.758369334772086e-07,0.045446467760756226,0.10876990483369453,5.251052710098911e-06,0.2999152267934183,0.49810316252612125,-1.2213976852581909e-05,8.564301848818662e-06,0.3886358710994928
