batch,sample_id,porosity_pct,porosity_ci95_pct,active_material_pct,cbd_pct,inclusion_pct,char_length_scale_cls_um,throat_through_plane_ly_um,chord_in_plane_lx_um,pore_anisotropy_ratio,particle_aspect_ratio,particle_d10_um,particle_d50_um,particle_d90_um,slurry_dispersion_index
Batch_3,0grcilhi,13.43,2.26,79.58,6.71,6.99,2.76,0.53,0.62,1.17,2.35,0.09,0.14,0.34,4.05
Batch_3,71vgq3fw,9.43,1.16,82.01,4.71,8.56,1.72,0.39,0.41,1.05,2.56,0.09,0.14,0.35,3.37
Batch_3,9luzk4jm,13.38,1.50,79.75,6.69,6.87,1.92,0.46,0.50,1.09,2.73,0.09,0.14,0.51,5.08
Batch_3,cfe5vt7s,10.92,1.40,82.13,5.46,6.95,1.96,0.40,0.43,1.08,2.63,0.09,0.14,0.54,4.16
Batch_3,hawkfj64,10.55,1.40,84.21,5.28,5.24,1.90,0.43,0.50,1.17,2.25,0.09,0.13,0.33,3.28
Batch_3,hzumfsms,15.33,2.54,79.68,7.67,4.99,3.07,0.51,0.58,1.14,2.66,0.09,0.13,0.46,2.90
Batch_3,kbdh4tri,9.29,0.87,80.99,4.64,9.72,1.30,0.35,0.41,1.17,2.71,0.09,0.14,0.40,3.43
Batch_3,mgxahqnk,11.00,1.40,81.14,5.50,7.86,1.87,0.45,0.48,1.08,2.24,0.09,0.14,0.38,5.24
Batch_3,pl8uabbv,11.28,1.47,83.37,5.64,5.35,2.11,0.43,0.45,1.05,2.70,0.09,0.14,0.36,2.98
Batch_3,ptg8lmto,9.11,1.34,84.39,4.56,6.50,1.79,0.36,0.42,1.16,2.65,0.09,0.13,0.34,4.54
Batch_3,tuy3zymq,10.06,1.07,77.58,5.03,12.36,1.54,0.41,0.47,1.15,2.90,0.09,0.15,0.47,4.09
Batch_3,ufdvpb81,11.87,1.40,82.79,5.94,5.34,1.89,0.46,0.51,1.10,2.56,0.09,0.15,1.10,3.73
Batch_3,utfgcjfa,11.18,1.48,82.52,5.59,6.30,2.04,0.42,0.48,1.12,2.59,0.09,0.14,0.68,4.44
Batch_3,vc2whyaq,10.64,1.45,83.39,5.32,5.98,2.05,0.40,0.47,1.18,2.52,0.09,0.13,0.71,3.93
Batch_3,x77cy643,11.46,1.37,81.18,5.73,7.36,1.87,0.41,0.44,1.07,2.62,0.09,0.14,0.58,4.11
Batch_3,x7u69zsw,9.84,0.91,80.49,4.92,9.67,1.32,0.38,0.42,1.13,2.63,0.09,0.14,0.35,4.76
Batch_3,xgj4xftb,10.87,1.56,81.66,5.43,7.47,1.92,0.37,0.44,1.19,2.57,0.09,0.14,0.30,4.52
Batch_1,4ih2ggld,10.86,1.77,69.86,5.43,19.28,2.61,0.43,0.48,1.13,2.90,0.09,0.14,0.42,6.70
Batch_1,5n1q8atc,7.58,1.14,71.65,3.79,20.77,1.98,0.31,0.32,1.03,2.89,0.09,0.15,0.41,5.77
Batch_1,f1vzngrs,7.09,0.84,84.25,3.54,8.66,1.44,0.29,0.33,1.16,2.43,0.09,0.14,0.45,4.84
Batch_1,ffwubibz,8.91,1.18,86.20,4.45,4.89,1.81,0.41,0.48,1.17,2.56,0.09,0.14,0.78,2.77
Batch_1,fzrt2k6r,10.41,1.29,82.34,5.20,7.25,1.88,0.39,0.45,1.15,2.71,0.09,0.13,0.34,3.64
Batch_1,iv6g2oq0,10.82,1.46,83.30,5.41,5.88,1.89,0.44,0.52,1.16,2.80,0.09,0.14,0.42,3.15
Batch_1,uhdslk0o,9.78,1.36,82.96,4.89,7.26,1.89,0.39,0.44,1.15,3.27,0.09,0.14,0.37,4.36
Batch_2,3806gxp0,12.09,1.51,82.24,6.05,5.67,2.00,0.44,0.45,1.02,2.49,0.09,0.13,0.44,3.43
Batch_2,avn74qx1,11.25,1.41,84.72,5.62,4.03,1.92,0.47,0.52,1.09,2.33,0.09,0.14,0.49,3.38
Batch_2,b3esycq1,10.24,1.27,80.83,5.12,8.93,1.86,0.38,0.44,1.15,2.72,0.09,0.14,0.37,4.46
Batch_2,epqdaau9,8.31,1.16,84.58,4.15,7.12,1.86,0.35,0.38,1.09,2.49,0.09,0.13,0.32,5.45
Batch_2,i9jiqjwl,9.41,1.14,84.19,4.70,6.40,1.77,0.37,0.42,1.12,2.70,0.09,0.13,0.49,3.84
Batch_2,r17byphk,12.35,1.85,82.15,6.17,5.51,2.45,0.44,0.50,1.13,2.66,0.09,0.14,0.36,2.66
Batch_2,rxax5ozo,9.33,1.17,85.19,4.67,5.48,1.75,0.41,0.45,1.08,2.53,0.09,0.13,0.48,4.00
