batch,sample_id,porosity_pct,open_pore_pct,cbd_pct,matrix_graphite_pct,inclusion_pct,pore_cls_um,ci95_abs_pct,rsd_pct,chord_y_um,chord_x_um,pore_anisotropy,estimated_tortuosity,effective_transport_factor,particle_aspect_ratio,particle_d10_um,particle_d50_um,particle_d90_um,particle_density_mm2,slurry_heterogeneity,qc_verdict
Batch_3,0grcilhi,13.427239470968951,6.7136197354844755,6.7136197354844755,79.58249695150549,6.99026357752556,2.7648161147088355,2.2634314359716634,16.85701249959406,0.5269602106495027,0.6151298268974701,1.1673174073983579,3.185631922362377,0.04214937506343068,2.346635395193891,0.09356025796273888,0.13528790949515024,0.3393351031116875,345783.6975893443,4.051731597341709,PASS
Batch_3,71vgq3fw,9.429889042995839,4.7149445214979195,4.7149445214979195,82.0063020110957,8.56380894590846,1.719790640081862,1.1601382910956872,12.302777750681953,0.38850922722029985,0.4087174044875683,1.052014664907327,3.4258512539852264,0.027525681484350004,2.564515629344918,0.09356025796273888,0.13528790949515024,0.35458765494951644,385298.1969486823,3.3714960368520304,PASS
Batch_3,9luzk4jm,13.383722321962896,6.691861160981448,6.691861160981448,79.74660169274172,6.869675985295374,1.9160118301451783,1.4954270109636112,11.173476070327553,0.4595804195804196,0.5001945020746889,1.0883720906372565,2.9750134791802934,0.04498709809425979,2.7267261686811537,0.09356025796273888,0.1381976597885342,0.5133770817315323,119552.02188595363,5.0760799486209685,WARNING: WARN_POOR_MIXING
Batch_3,cfe5vt7s,10.919539835164835,5.459769917582418,5.459769917582418,82.1287603021978,6.951699862637363,1.9589854613768525,1.403508311928732,12.853181847543905,0.40108805668016195,0.4346546961325968,1.0836889528206564,3.2794610538574247,0.03329675106926751,2.6341778666284874,0.09356025796273888,0.14104739588693907,0.5361219844284957,156593.40659340654,4.164068736085746,PASS
Batch_3,hawkfj64,10.550783228590188,5.2753963042866525,5.275386924303536,84.21102148016134,5.238195291248475,1.9027826609489988,1.4035791155212558,13.303079829352196,0.4272041062801932,0.50135510771369,1.173572773162585,3.6129976174659677,0.029202297775081692,2.2545798873497818,0.09356025796273888,0.1323141857100307,0.3337790589062273,229471.90695056747,3.2845225024539366,PASS
Batch_3,hzumfsms,15.331563648798838,7.665786098999744,7.665777549799094,79.67610498418398,4.992331367017184,3.074815390426355,2.539521293893268,16.56400711673156,0.5104584854014599,0.5811038961038961,1.1383959963891594,2.9073688602271672,0.05273346584444365,2.6553352881522354,0.09356025796273888,0.1323141857100307,0.4564939212557038,107788.32179191243,2.899837439409712,WARNING: WARN_UNDERCALENDERED
Batch_3,kbdh4tri,9.287118585298197,4.6435592926490985,4.6435592926490985,80.99083737864078,9.722044036061027,1.2966040979007962,0.8687019680676908,9.353837361815035,0.3475625319040327,0.40525234741784033,1.1659839891192203,3.8260627756749717,0.02427330425507673,2.706628135324159,0.09356025796273888,0.14104739588693907,0.403898275150059,595284.3273231621,3.4252775399216784,PASS
Batch_3,mgxahqnk,10.997373604727512,5.498686802363756,5.498686802363756,81.14106556608198,7.861560829190507,1.8694082022379872,1.4043234105863376,12.76962537657766,0.44725091130012146,0.4841207349081365,1.0824365533450508,3.264058698014888,0.033692327933366566,2.2372746571677062,0.09356025796273888,0.13528790949515024,0.37572528578135933,192702.37313572832,5.23680477363267,WARNING: WARN_POOR_MIXING
Batch_3,pl8uabbv,11.276940011007154,5.638470005503577,5.638470005503577,83.37072883088294,5.352331158109915,2.109629295862727,1.4669307682097052,13.008234208729219,0.4288151658767772,0.4520165330661323,1.0541057523978108,3.1389799975379384,0.035925491783484545,2.6966121151190268,0.09356025796273888,0.13528790949515024,0.35760416171175335,233225.88253793534,2.9847108059936813,PASS
Batch_3,ptg8lmto,9.113066607558462,4.556533303779231,4.556533303779231,84.38786434666962,6.499069045771916,1.7867243725283144,1.3420884627831282,14.727078387312428,0.364452296819788,0.4229200323101777,1.160426305446774,3.8440169401902313,0.023707144763798774,2.652922229567765,0.09356025796273888,0.1323141857100307,0.33686284711412956,287797.8499390446,4.541026820305265,PASS
Batch_3,tuy3zymq,10.061537794729542,5.030773231622746,5.030764563106796,77.57514736477114,12.363314840499307,1.5352228741540668,1.0660185986497248,10.594986774368914,0.4065229408512991,0.46737288135593225,1.1496839031450659,3.624484687799183,0.027759912543151036,2.8978632733340266,0.09356025796273888,0.14927053303604618,0.4682261778022274,673509.0152565879,4.085962989632185,REJECT: FAIL_INCLUSION_SEGREGATION
Batch_3,ufdvpb81,11.872668205522784,5.936334102761392,5.936334102761392,82.7884842267248,5.338847567752415,1.885293854796117,1.3979361828228385,11.774406212855872,0.46256599788806757,0.5076125073056692,1.0973839616903749,3.184816709099839,0.03727896858742145,2.5607798889010325,0.09356025796273888,0.14658075357087597,1.1022645552856203,80567.66692314266,3.7324081439606425,PASS
Batch_3,utfgcjfa,11.179525978591133,5.589762989295567,5.589762989295567,82.51555053470348,6.304923486705394,2.0446767535620873,1.4845166082246273,13.27888687827629,0.4232124079915878,0.4753995433789955,1.1233119218670096,3.3596085155855286,0.03327627587181155,2.593278515818737,0.09356025796273888,0.1381976597885342,0.6752621061175285,116216.6037044906,4.44311755563063,PASS
Batch_3,vc2whyaq,10.635321536469574,5.317660768234787,5.317660768234787,83.38855416486837,5.9761242986620635,2.0472534282527164,1.4537773941735235,13.669331850366504,0.40116066770996345,0.47424938725490196,1.1821931346414578,3.6250426513028993,0.029338472838787332,2.517589085726817,0.09356025796273888,0.1323141857100307,0.7138374984070941,91014.24255502803,3.933502255827145,PASS
Batch_3,x77cy643,11.464859505388493,5.732434071087665,5.732425434300826,81.17697812647366,7.358162368137856,1.8696051888506777,1.372411273593159,11.970589547548531,0.408218163869694,0.43732675906183366,1.0713064673952903,3.1639481529329974,0.036235927237810474,2.6224498810154158,0.09356025796273888,0.1381976597885342,0.5768522217243564,119118.56408236729,4.107268371986835,PASS
Batch_3,x7u69zsw,9.839467753120665,4.919738210818307,4.919729542302358,80.49462552011096,9.665906726768378,1.3221357848776352,0.9089888075906966,9.238190828994824,0.37516439049064243,0.4231347599768652,1.1278649325525987,3.595599326913993,0.027365306471913313,2.630569435042178,0.09356025796273888,0.14104739588693907,0.3523362819972964,494174.75728155323,4.757894190307971,PASS
Batch_3,xgj4xftb,10.868547046436884,5.434279064612657,5.434267981824227,81.66107724703535,7.470375706527762,1.92289013408225,1.5620548982844304,14.372251337832045,0.3709226190476191,0.44103279832519193,1.1890156482168377,3.606631948261612,0.030134893724532933,2.5666396829987126,0.09356025796273888,0.13528790949515024,0.3022493330572,429657.54183752625,4.516763033055438,PASS
Batch_1,4ih2ggld,10.858220733334011,5.429114223623892,5.42910650971012,69.86409935274092,19.277679913925063,2.614443590974769,1.7711392633318224,16.31150541906505,0.42552209810587666,0.48145248380129596,1.1314394386199491,3.43361802273491,0.031623263453997526,2.9041620565806223,0.09356025796273888,0.1438406847937898,0.41907909782222796,765713.9366045882,6.6996077692413785,REJECT: FAIL_INCLUSION_SEGREGATION
Batch_1,5n1q8atc,7.580217408064143,3.7901087040320713,3.7901087040320713,71.65399737876803,20.765785213167838,1.9812209578780235,1.1415253190995136,15.059268852699564,0.31210739614994937,0.32028816199376947,1.0262113809052116,3.7273141314193143,0.020336942744285658,2.894508952061733,0.09356025796273888,0.14658075357087597,0.4126691036512523,780818.7495181558,5.774243319278139,REJECT: FAIL_OVERCALENDERED; FAIL_INCLUSION_SEGREGATION
Batch_1,f1vzngrs,7.089886146430649,3.5449430732153244,3.5449430732153244,84.25447519321865,8.655638660350702,1.4442151469902829,0.8377455442044851,11.816064840847154,0.285202205882353,0.33172126081582204,1.1631090292220891,4.368182721229201,0.016230745366886953,2.4339821776420036,0.09356025796273888,0.13528790949515024,0.4455845510838271,224183.4953876838,4.8387434316017,REJECT: FAIL_OVERCALENDERED
Batch_1,ffwubibz,8.90758070054945,4.453794642857143,4.453786057692308,86.20080700549451,4.891612293956045,1.8061100126805414,1.181831559249713,13.267705328527796,0.4073585505403688,0.47671207658321063,1.170251798939394,3.9210234043521766,0.022717489241870878,2.555591308203644,0.09356025796273888,0.14104739588693907,0.7844567415747999,90659.34065934064,2.7710541287250123,PASS
Batch_1,fzrt2k6r,10.407138716356108,5.203569358178054,5.203569358178054,82.33801242236025,7.254848861283644,1.8780609821335574,1.2938518704592088,12.432349618111271,0.3880676209279369,0.4452115812917595,1.1472525850705644,3.556258921981922,0.02926428852530275,2.709424201510368,0.09356025796273888,0.13079312967784548,0.34097296624558676,268985.5072463768,3.6402440089416346,PASS
Batch_1,iv6g2oq0,10.818592196177192,5.409301142967842,5.40929105320935,83.30131852963967,5.880089274183133,1.891186511266864,1.4628956449126693,13.522051838034818,0.4445207774798928,0.5170394238059136,1.1631389352307633,3.536276528021239,0.030593173668550324,2.7976677579492764,0.09356025796273888,0.14104739588693907,0.4214460511973583,166117.7838047268,3.1492617462282557,PASS
Batch_1,uhdslk0o,9.777783054711247,4.888896276595744,4.888886778115502,82.95772226443769,7.2644946808510635,1.889117421722779,1.3557481592979634,13.865598691563532,0.3867690490253987,0.4449181446111869,1.150345783180726,3.678817182758172,0.026578605483679973,3.270821079217115,0.09356025796273888,0.1438406847937898,0.3686695058099274,251823.7082066869,4.36417984180194,WARNING: WARN_PARTICLE_DEFORMATION
Batch_2,3806gxp0,12.093436764577705,6.046718382288852,6.046718382288852,82.23977163775822,5.666791597664081,1.9983152634192445,1.5080894131623919,12.470312968267736,0.43915829145728646,0.44673856548856555,1.0172609152069634,2.9252129641886366,0.041342072911030085,2.4851449222250985,0.09356025796273888,0.1323141857100307,0.4442351960837077,116586.7689357622,3.431203735220621,PASS
Batch_2,avn74qx1,11.248287283186611,5.624143641593306,5.624143641593306,84.72080536912752,4.030907347685871,1.9240831133325935,1.4071259269546874,12.509690511354474,0.47096392667060916,0.5153445006321113,1.0942334889112257,3.2626223153181626,0.03447621635631983,2.3305387980622005,0.09356025796273888,0.13528790949515024,0.49181296661167206,95528.63244138409,3.376098450201127,PASS
Batch_2,b3esycq1,10.241084886128364,5.120546583850931,5.120538302277432,80.83182608695653,8.927089026915114,1.8605636836583455,1.2727081143508998,12.4274735392028,0.3823914116485686,0.4408493150684932,1.1528745197699406,3.602542042036174,0.02842738479282272,2.7249381247902837,0.09356025796273888,0.1381976597885342,0.3691022157652756,327155.2795031055,4.458014971480954,PASS
Batch_2,epqdaau9,8.305809025180753,4.152904512590377,4.152904512590377,84.57560874262445,7.118582232194798,1.8638543013688658,1.1625267281618348,13.996550181173175,0.3468869994514536,0.37662945081472543,1.0857410378892975,3.767344041140893,0.02204685564811183,2.492011250399279,0.09356025796273888,0.1323141857100307,0.31790468518622617,247984.70871769293,5.450555979713372,REJECT: FAIL_OVERCALENDERED; WARN_POOR_MIXING
Batch_2,i9jiqjwl,9.407280446575989,4.703640223287994,4.703640223287994,84.19326991115653,6.399449642267474,1.7746324425419429,1.1388766528918002,12.106332529996195,0.37201711491442546,0.41506153023006964,1.1157054705011236,3.6376215736793704,0.02586107503497331,2.704489858736471,0.09356025796273888,0.1323141857100307,0.4863163603894681,167937.7309536913,3.8390549860308405,PASS
Batch_2,r17byphk,12.345303914835165,6.17265625,6.172647664835164,82.1491929945055,5.5055030906593405,2.4464487514531585,1.8486938279191303,14.974874986249493,0.4435061728395062,0.500411409764125,1.1283076547960729,3.2112686656980163,0.03844369686879417,2.657212707513778,0.09356025796273888,0.1381976597885342,0.36476152057299377,303159.3406593406,2.661744083477298,PASS
Batch_2,rxax5ozo,9.330427276650841,4.665213638325421,4.665213638325421,85.19096245144584,5.478610271903324,1.7452346073907412,1.169239317114898,12.531465949484325,0.41166362530413625,0.4464751958224544,1.084563144223878,3.5506190265176008,0.026278311491509124,2.5312480794254806,0.09356025796273888,0.1323141857100307,0.48285713685398024,149572.72334915836,3.995749844143014,PASS
