batch,sample_id,third_channel,variant,porosity_pct,porosity_ci95_pct,active_material_pct,cbd_pct,inclusion_pct,char_length_scale_cls_um,throat_through_plane_ly_um,chord_in_plane_lx_um,pore_anisotropy_ratio,particle_aspect_ratio,particle_d10_um,particle_d50_um,particle_d90_um,slurry_dispersion_index
Batch_1,4ih2ggld,ETD,stacked_three_channel,11.24516607593515,1.7441928177337473,66.30219195488164,5.622579181010689,22.452641969183222,2.5354911351678595,0.43609247724005756,0.4942,1.1332458728196675,3.304941254763623,0.097720502380584,0.15706373285785546,0.4351946487255507,7.884880535740902
Batch_1,5n1q8atc,ETD,stacked_three_channel,8.193863233366741,1.1431792907104152,67.34299591396191,4.096931616683371,24.463140852671344,1.9147179281387292,0.3430662557781202,0.34272634791454726,0.9990092063621879,3.3181069599029898,0.097720502380584,0.15706373285785546,0.45135166683820505,5.96394669441145
Batch_1,f1vzngrs,ETD,stacked_three_channel,6.882622787334829,0.8859804375500789,79.00943239424915,3.4413113936674145,14.107944818416025,1.548469576354593,0.3412688031393068,0.3929521276595745,1.151444620911248,3.153618855412685,0.097720502380584,0.17159156293944244,0.5327033939075165,4.426692386864014
Batch_1,ffwubibz,ETD,stacked_three_channel,8.572166895604395,1.1647210865272053,77.7457760989011,4.286083447802198,13.682057005494505,1.8111191976735155,0.4441805656272662,0.54296875,1.2224054630423247,2.83157200794542,0.097720502380584,0.18062879984608918,0.5563063371514234,4.747011118116531
Batch_1,fzrt2k6r,ETD,stacked_three_channel,12.366575569358178,1.5306971320807619,74.89303519668738,6.183287784679089,12.740389233954453,2.060901124708897,0.4378571428571429,0.5051564156945918,1.1537014387804705,3.5370270565920117,0.097720502380584,0.17159156293944244,0.5315073132028516,3.6776692995189832
Batch_1,iv6g2oq0,ETD,stacked_three_channel,10.1521939170864,1.3994150001330683,76.86487997223298,5.0760969585432,12.982926110680616,1.8606144340327344,0.5146452145214522,0.6233075435203095,1.2111402689324489,3.061733108870394,0.097720502380584,0.17841241161527713,0.5822370898403305,4.371513646537463
Batch_1,uhdslk0o,ETD,stacked_three_channel,9.507380319148936,1.3986618488799507,76.20799772036474,4.753685410334346,14.284621960486321,1.973479367769446,0.4347878165639973,0.5103731942215088,1.1738442862885188,3.263744090333989,0.097720502380584,0.18498192550829798,0.6115669352294596,5.469638719622209
Batch_2,3806gxp0,ETD,stacked_three_channel,12.702440512507627,1.6220179315587002,65.11982044800837,6.351215898195764,22.177739039484006,2.1044249832552433,0.5631798516687267,0.5913178548070634,1.0499627304758197,2.8051301878362223,0.10171072362820549,0.18923493915151202,0.6786695950944265,5.474681014791109
Batch_2,avn74qx1,ETD,stacked_three_channel,10.778941863505622,1.419029707037285,66.93027107121067,5.389470931752811,22.29078706528371,1.9769340060901617,0.5517303532804614,0.6128125,1.1107101437438747,2.7092938179200283,0.097720502380584,0.18062879984608918,0.6657676144954248,4.91183082718988
Batch_2,b3esycq1,ETD,stacked_three_channel,11.018625258799172,1.3743065774960415,74.77597515527951,5.509308488612836,14.205399585921324,1.9453505403996214,0.43189655172413793,0.49387170675830466,1.143495368941384,3.4587513671253483,0.097720502380584,0.1738949084575512,0.5527906391541368,4.696717520084347
Batch_2,epqdaau9,ETD,stacked_three_channel,8.032876256960026,1.1877591079717629,75.47439541261531,4.016438128480013,16.492728330424665,1.9335144606043113,0.4063079470198676,0.4628648233486943,1.1391970714421227,3.142829062325868,0.097720502380584,0.17841241161527713,0.5909192077563343,5.707550541367995
Batch_2,i9jiqjwl,ETD,stacked_three_channel,9.083009670571586,1.1691093680329043,79.35346332258825,4.541504835285793,11.563527006840161,1.8506664329860183,0.44852034525277434,0.5065548780487804,1.1293910820551503,3.3983962177093368,0.097720502380584,0.16688952945311364,0.5285044229959446,5.795439914048313
Batch_2,r17byphk,ETD,stacked_three_channel,12.829696085164835,1.9167400192990929,69.37715487637362,6.41484375,17.79314903846154,2.4950563838900006,0.5318689181453922,0.6149547803617572,1.1562149232297358,2.853197940950551,0.097720502380584,0.16205112036071437,0.5662302544020887,5.9849893879906775
Batch_2,rxax5ozo,SE,stacked_three_channel,10.526189037548555,1.2805324415868278,65.157453603798,5.263090202848511,24.31635735865343,1.8115027244048196,0.48199810006333127,0.5436226282501757,1.1278522221949576,2.7630115575309087,0.097720502380584,0.16688952945311364,0.5379803151366124,5.076768631864718
Batch_3,0grcilhi,ETD,stacked_three_channel,16.93475283744489,2.536964396334454,58.25975987243223,8.467376418722445,24.805487290122876,2.8170734418151064,0.6396102075154235,0.7702254641909815,1.2042107132450794,2.952296481174021,0.097720502380584,0.1738949084575512,0.607448874877868,6.160174842099979
Batch_3,71vgq3fw,ETD,stacked_three_channel,15.334639389736477,1.618835689439846,62.899341192787794,7.6673196948682385,21.76601941747573,1.9463667031404186,0.4889928698752229,0.5359720885466795,1.0960734226726954,3.2416982878043252,0.097720502380584,0.17841241161527713,0.6771435528532324,4.3023374923844155
Batch_3,9luzk4jm,ETD,stacked_three_channel,12.949568265367189,1.553946251858365,69.94686671796188,6.47477985808327,17.10356501667094,2.0190360164538124,0.5289949888641425,0.5750461254612547,1.0870540129236255,3.3102152845480606,0.097720502380584,0.18281831978578633,0.7389052755226956,5.6802609279353815
Batch_3,cfe5vt7s,ETD,stacked_three_channel,11.798772321428572,1.5099315384192873,70.83379120879121,5.899381868131868,17.36743646978022,2.037563486200119,0.4662371134020619,0.5297759800871189,1.1362801562952023,3.0260861070041325,0.097720502380584,0.1761681409986482,0.6355585592104602,5.788282467054672
Batch_3,hawkfj64,ETD,stacked_three_channel,15.444039020729763,1.9275633404374077,62.11878810618141,7.722014820373323,22.43717287308883,2.2214626056790214,0.5470244420828906,0.6731575603557814,1.2305804065950272,2.914432359270181,0.097720502380584,0.1738949084575512,0.6854377477475226,4.93897378132266
Batch_3,hzumfsms,ETD,stacked_three_channel,15.190279558861247,1.638394842459101,69.1461143883047,7.595135504830298,15.663606052834059,1.9912879024871772,0.6086070060207991,0.6857541899441341,1.1267602626327613,3.31507560046239,0.097720502380584,0.18062879984608918,0.7044447128896874,3.5324537062792625
Batch_3,kbdh4tri,ETD,stacked_three_channel,15.420995145631068,1.5702200019500567,63.47358703190014,7.710497572815534,21.105417822468794,1.8835822123433659,0.4675795783381564,0.5404847182425979,1.155920282411727,3.1525367620004596,0.097720502380584,0.1738949084575512,0.668153885996906,4.022694896946748
Batch_3,mgxahqnk,ETD,stacked_three_channel,15.823618797486164,1.718528417187795,58.05264984523028,7.911809398743082,26.123731357283557,1.961063223816893,0.5617678381256656,0.661338630806846,1.1772454489623287,2.8439042403706383,0.097720502380584,0.1913259964331453,0.7384735113825652,6.749390544511374
Batch_3,pl8uabbv,ETD,stacked_three_channel,10.811117226197029,1.491111898880304,74.77113766805566,5.405558613098514,14.417745105747306,2.1843891298416667,0.4946459166190748,0.5470012626262627,1.1058440881611615,3.301121697254013,0.097720502380584,0.18498192550829798,0.6304675810861118,5.320621402935276
Batch_3,ptg8lmto,ETD,stacked_three_channel,12.815183420148509,1.7190504058382905,68.1858694447523,6.4075917100742545,18.998947135099193,1.970448936959869,0.4706380208333334,0.5336545454545455,1.133895949395742,3.3707324417057327,0.097720502380584,0.18498192550829798,0.6796749017316526,6.432187887375899
Batch_3,tuy3zymq,ETD,stacked_three_channel,15.66143377253814,1.4702679280335917,62.101274271844666,7.830712552011096,22.2372919556172,1.7525853569363328,0.5060505319148937,0.5774987443495732,1.1411879010665589,3.318304821115998,0.097720502380584,0.17159156293944244,0.6408582495238242,4.980267740468313
Batch_3,ufdvpb81,ETD,stacked_three_channel,11.162007352312559,1.3604704664177902,76.50881422586988,5.581003676156279,12.329178421817561,1.8846893659739967,0.5055048661800488,0.5628359751895244,1.113413565022054,3.6403547393788505,0.10171072362820549,0.18712051592547777,0.6437696281131389,5.506940831375208
Batch_3,utfgcjfa,SE,stacked_three_channel,12.726374501441478,1.5867242135551407,61.40692393927303,6.363187250720739,25.86670155928549,2.06640492150165,0.5151286353467562,0.5986251580278129,1.162088684168861,2.922540853749826,0.097720502380584,0.1761681409986482,0.5903806614136772,6.7233383545649845
Batch_3,vc2whyaq,SE,stacked_three_channel,11.492119119551143,1.5415072162074563,66.37574449719465,5.7460595597755715,22.13213638325421,2.098391351669913,0.4709562996594779,0.5761371467953136,1.2233346219423884,2.9767525971363877,0.097720502380584,0.1761681409986482,0.6999082406287079,7.519104617207586
Batch_3,x77cy643,SE,stacked_three_channel,13.105235792917489,1.5112246160001286,58.70037086362686,6.552617896458744,28.194393343455648,1.9436480711541735,0.49455212152959666,0.538495449374289,1.0888547959490706,2.809071228580197,0.097720502380584,0.16205112036071437,0.5563778970391765,6.212795353123208
Batch_3,x7u69zsw,ETD,stacked_three_channel,16.667926490984744,1.4817938913541828,61.01298543689321,8.333963245492372,22.319088072122053,1.7224732209459395,0.4843253968253968,0.5578516158397815,1.151811611565956,3.3372032868510244,0.097720502380584,0.18062879984608918,0.682179594492682,6.0543558827577595
Batch_3,xgj4xftb,ETD,stacked_three_channel,19.675739776127674,2.410850748584209,56.811825335254355,9.837869888063837,23.512434888617975,2.3234901651660462,0.5664662231320369,0.638035614913745,1.126343617428759,3.1169188819041915,0.097720502380584,0.16807320225872027,0.5505547584592935,5.896925298920308
