batch,sample_id,third_channel,porosity_pct,porosity_ci95_pct,active_material_pct,cbd_pct,inclusion_pct,char_length_scale_cls_um,throat_through_plane_ly_um,chord_in_plane_lx_um,pore_anisotropy_ratio,particle_aspect_ratio,particle_d10_um,particle_d50_um,particle_d90_um,slurry_dispersion_index
Batch_1,4ih2ggld,ETD,10.858220733334011,1.7711392633318224,69.86409935274092,5.42910650971012,19.277679913925063,2.614443590974769,0.42552209810587666,0.48145248380129596,1.1314394386199491,2.9041620565806223,0.09356025796273888,0.1438406847937898,0.41907909782222796,6.6996077692413785
Batch_1,5n1q8atc,ETD,7.580217408064143,1.1415253190995136,71.65399737876803,3.7901087040320713,20.765785213167838,1.9812209578780235,0.31210739614994937,0.32028816199376947,1.0262113809052116,2.894508952061733,0.09356025796273888,0.14658075357087597,0.4126691036512523,5.774243319278139
Batch_1,f1vzngrs,ETD,7.089886146430649,0.8377455442044851,84.25447519321865,3.5449430732153244,8.655638660350702,1.4442151469902829,0.285202205882353,0.33172126081582204,1.1631090292220891,2.4339821776420036,0.09356025796273888,0.13528790949515024,0.4455845510838271,4.8387434316017
Batch_1,ffwubibz,ETD,8.90758070054945,1.181831559249713,86.20080700549451,4.453786057692308,4.891612293956045,1.8061100126805414,0.4073585505403688,0.47671207658321063,1.170251798939394,2.555591308203644,0.09356025796273888,0.14104739588693907,0.7844567415747999,2.7710541287250123
Batch_1,fzrt2k6r,ETD,10.407138716356108,1.2938518704592088,82.33801242236025,5.203569358178054,7.254848861283644,1.8780609821335574,0.3880676209279369,0.4452115812917595,1.1472525850705644,2.709424201510368,0.09356025796273888,0.13079312967784548,0.34097296624558676,3.6402440089416346
Batch_1,iv6g2oq0,ETD,10.818592196177192,1.4628956449126693,83.30131852963967,5.40929105320935,5.880089274183133,1.891186511266864,0.4445207774798928,0.5170394238059136,1.1631389352307633,2.7976677579492764,0.09356025796273888,0.14104739588693907,0.4214460511973583,3.1492617462282557
Batch_1,uhdslk0o,ETD,9.777783054711247,1.3557481592979634,82.95772226443769,4.888886778115502,7.2644946808510635,1.889117421722779,0.3867690490253987,0.4449181446111869,1.150345783180726,3.270821079217115,0.09356025796273888,0.1438406847937898,0.3686695058099274,4.36417984180194
Batch_2,3806gxp0,ETD,12.093436764577705,1.5080894131623919,82.23977163775822,6.046718382288852,5.666791597664081,1.9983152634192445,0.43915829145728646,0.44673856548856555,1.0172609152069634,2.4851449222250985,0.09356025796273888,0.1323141857100307,0.4442351960837077,3.431203735220621
Batch_2,avn74qx1,ETD,11.248287283186611,1.4071259269546874,84.72080536912752,5.624143641593306,4.030907347685871,1.9240831133325935,0.47096392667060916,0.5153445006321113,1.0942334889112257,2.3305387980622005,0.09356025796273888,0.13528790949515024,0.49181296661167206,3.376098450201127
Batch_2,b3esycq1,ETD,10.241084886128364,1.2727081143508998,80.83182608695653,5.120538302277432,8.927089026915114,1.8605636836583455,0.3823914116485686,0.4408493150684932,1.1528745197699406,2.7249381247902837,0.09356025796273888,0.1381976597885342,0.3691022157652756,4.458014971480954
Batch_2,epqdaau9,ETD,8.305809025180753,1.1625267281618348,84.57560874262445,4.152904512590377,7.118582232194798,1.8638543013688658,0.3468869994514536,0.37662945081472543,1.0857410378892975,2.492011250399279,0.09356025796273888,0.1323141857100307,0.31790468518622617,5.450555979713372
Batch_2,i9jiqjwl,ETD,9.407280446575989,1.1388766528918002,84.19326991115653,4.703640223287994,6.399449642267474,1.7746324425419429,0.37201711491442546,0.41506153023006964,1.1157054705011236,2.704489858736471,0.09356025796273888,0.1323141857100307,0.4863163603894681,3.8390549860308405
Batch_2,r17byphk,ETD,12.345303914835165,1.8486938279191303,82.1491929945055,6.172647664835164,5.5055030906593405,2.4464487514531585,0.4435061728395062,0.500411409764125,1.1283076547960729,2.657212707513778,0.09356025796273888,0.1381976597885342,0.36476152057299377,2.661744083477298
Batch_2,rxax5ozo,SE,9.330427276650841,1.169239317114898,85.19096245144584,4.665213638325421,5.478610271903324,1.7452346073907412,0.41166362530413625,0.4464751958224544,1.084563144223878,2.5312480794254806,0.09356025796273888,0.1323141857100307,0.48285713685398024,3.995749844143014
Batch_3,0grcilhi,ETD,13.427239470968951,2.2634314359716634,79.58249695150549,6.7136197354844755,6.99026357752556,2.7648161147088355,0.5269602106495027,0.6151298268974701,1.1673174073983579,2.346635395193891,0.09356025796273888,0.13528790949515024,0.3393351031116875,4.051731597341709
Batch_3,71vgq3fw,ETD,9.429889042995839,1.1601382910956872,82.0063020110957,4.7149445214979195,8.56380894590846,1.719790640081862,0.38850922722029985,0.4087174044875683,1.052014664907327,2.564515629344918,0.09356025796273888,0.13528790949515024,0.35458765494951644,3.3714960368520304
Batch_3,9luzk4jm,ETD,13.383722321962896,1.4954270109636112,79.74660169274172,6.691861160981448,6.869675985295374,1.9160118301451783,0.4595804195804196,0.5001945020746889,1.0883720906372565,2.7267261686811537,0.09356025796273888,0.1381976597885342,0.5133770817315323,5.0760799486209685
Batch_3,cfe5vt7s,ETD,10.919539835164835,1.403508311928732,82.1287603021978,5.459769917582418,6.951699862637363,1.9589854613768525,0.40108805668016195,0.4346546961325968,1.0836889528206564,2.6341778666284874,0.09356025796273888,0.14104739588693907,0.5361219844284957,4.164068736085746
Batch_3,hawkfj64,ETD,10.550783228590188,1.4035791155212558,84.21102148016134,5.275386924303536,5.238195291248475,1.9027826609489988,0.4272041062801932,0.50135510771369,1.173572773162585,2.2545798873497818,0.09356025796273888,0.1323141857100307,0.3337790589062273,3.2845225024539366
Batch_3,hzumfsms,ETD,15.331563648798838,2.539521293893268,79.67610498418398,7.665777549799094,4.992331367017184,3.074815390426355,0.5104584854014599,0.5811038961038961,1.1383959963891594,2.6553352881522354,0.09356025796273888,0.1323141857100307,0.4564939212557038,2.899837439409712
Batch_3,kbdh4tri,ETD,9.287118585298197,0.8687019680676908,80.99083737864078,4.6435592926490985,9.722044036061027,1.2966040979007962,0.3475625319040327,0.40525234741784033,1.1659839891192203,2.706628135324159,0.09356025796273888,0.14104739588693907,0.403898275150059,3.4252775399216784
Batch_3,mgxahqnk,ETD,10.997373604727512,1.4043234105863376,81.14106556608198,5.498686802363756,7.861560829190507,1.8694082022379872,0.44725091130012146,0.4841207349081365,1.0824365533450508,2.2372746571677062,0.09356025796273888,0.13528790949515024,0.37572528578135933,5.23680477363267
Batch_3,pl8uabbv,ETD,11.276940011007154,1.4669307682097052,83.37072883088294,5.638470005503577,5.352331158109915,2.109629295862727,0.4288151658767772,0.4520165330661323,1.0541057523978108,2.6966121151190268,0.09356025796273888,0.13528790949515024,0.35760416171175335,2.9847108059936813
Batch_3,ptg8lmto,ETD,9.113066607558462,1.3420884627831282,84.38786434666962,4.556533303779231,6.499069045771916,1.7867243725283144,0.364452296819788,0.4229200323101777,1.160426305446774,2.652922229567765,0.09356025796273888,0.1323141857100307,0.33686284711412956,4.541026820305265
Batch_3,tuy3zymq,ETD,10.061537794729542,1.0660185986497248,77.57514736477114,5.030764563106796,12.363314840499307,1.5352228741540668,0.4065229408512991,0.46737288135593225,1.1496839031450659,2.8978632733340266,0.09356025796273888,0.14927053303604618,0.4682261778022274,4.085962989632185
Batch_3,ufdvpb81,ETD,11.872668205522784,1.3979361828228385,82.7884842267248,5.936334102761392,5.338847567752415,1.885293854796117,0.46256599788806757,0.5076125073056692,1.0973839616903749,2.5607798889010325,0.09356025796273888,0.14658075357087597,1.1022645552856203,3.7324081439606425
Batch_3,utfgcjfa,SE,11.179525978591133,1.4845166082246273,82.51555053470348,5.589762989295567,6.304923486705394,2.0446767535620873,0.4232124079915878,0.4753995433789955,1.1233119218670096,2.593278515818737,0.09356025796273888,0.1381976597885342,0.6752621061175285,4.44311755563063
Batch_3,vc2whyaq,SE,10.635321536469574,1.4537773941735235,83.38855416486837,5.317660768234787,5.9761242986620635,2.0472534282527164,0.40116066770996345,0.47424938725490196,1.1821931346414578,2.517589085726817,0.09356025796273888,0.1323141857100307,0.7138374984070941,3.933502255827145
Batch_3,x77cy643,SE,11.464859505388493,1.372411273593159,81.17697812647366,5.732425434300826,7.358162368137856,1.8696051888506777,0.408218163869694,0.43732675906183366,1.0713064673952903,2.6224498810154158,0.09356025796273888,0.1381976597885342,0.5768522217243564,4.107268371986835
Batch_3,x7u69zsw,ETD,9.839467753120665,0.9089888075906966,80.49462552011096,4.919729542302358,9.665906726768378,1.3221357848776352,0.37516439049064243,0.4231347599768652,1.1278649325525987,2.630569435042178,0.09356025796273888,0.14104739588693907,0.3523362819972964,4.757894190307971
Batch_3,xgj4xftb,ETD,10.868547046436884,1.5620548982844304,81.66107724703535,5.434267981824227,7.470375706527762,1.92289013408225,0.3709226190476191,0.44103279832519193,1.1890156482168377,2.5666396829987126,0.09356025796273888,0.13528790949515024,0.3022493330572,4.516763033055438
